{
    "aux_max_vals": [
        198.0,
        135.0
    ],
    "aux_min_vals": [
        108.0,
        58.0
    ],
    "main_max_vals": [
        207.62192803730227,
        247.7961289525011,
        189.57699008305715,
        27.477434982723068,
        22.29725810720435,
        23.12790906576299
    ],
    "main_min_vals": [
        -194.659775136018,
        -243.49776648768002,
        -219.7311223755854,
        -26.96125208514013,
        -10.323995165772683,
        -13.421843482025894
    ],
    "result_min": 0.9983303748342078,
    "result_scale": 1.3729876553098357
}
